titel;bedrag
[text];[MEUR]
LokaleOpwekking_Woning30j;0
LokaleOpwekking_UitlegWoning30j;0
LokaleOpwekking_Utiliteit30j;0
LokaleOpwekking_UitlegUtil30j;0
LokaleOpwekking_Glastuinbouw30j;0
LokaleOpwekking_UitlegGlTb30j;0
BTW_Woning30j;0
BTW_UitlegWoning30j;0
LokaleOpwekking_Woning15j;0
LokaleOpwekking_UitlegWoning15j;-535.721425
LokaleOpwekking_Utiliteit15j;-385.94869
LokaleOpwekking_UitlegUtil15j;0
LokaleOpwekking_Glastuinbouw15j;0
LokaleOpwekking_UitlegGlTb15j;0
BTW_Woning15j;0
BTW_UitlegWoning15j;-112.501499
Gebouw_GebouwverbeteringWoning;-7288.54718
Gebouw_GebouwverbeteringUitlegWoning;0
Gebouw_GebouwverbeteringUtiliteit;-2048.61749
Gebouw_GebouwverbeteringUitlegUtil;0
Gebouw_GebouwverbeteringGlastuinbouw;0
Gebouw_GebouwverbeteringUitlegGlTb;0
BTW_GebouwverbeteringWoning;-983.953869
BTW_GebouwverbeteringUitlegWoning;0
Woning_Eigenaar_EIA30;0
UitlegWoning_Eigenaar_EIA30;0
Utiliteit_Eigenaar_EIA30;0
UitlegUtil_Eigenaar_EIA30;0
Glastuinbouw_Eigenaar_EIA30;0
UitlegGlTb_Eigenaar_EIA30;0
Woning_Eigenaar_EIA15;0
UitlegWoning_Eigenaar_EIA15;0
Utiliteit_Eigenaar_EIA15;0
UitlegUtil_Eigenaar_EIA15;0
Glastuinbouw_Eigenaar_EIA15;0
UitlegGlTb_Eigenaar_EIA15;0
BTW_Aansluitbijdrage_GeoThermie_Woning;-8.72280437
BTW_Aansluitbijdrage_RestWarmte_Woning;-11.3785884
BTW_Aansluitbijdrage_BioWKK_Woning;-3.58164816
BTW_Aansluitbijdrage_WijkWKK_Woning;0
BTW_Aansluitbijdrage_GeoThermie_UitlegWoning;-2.92993595
BTW_Aansluitbijdrage_RestWarmte_UitlegWoning;-9.44068978
BTW_Aansluitbijdrage_BioWKK_UitlegWoning;-1.33645323
BTW_Aansluitbijdrage_WijkWKK_UitlegWoning;0
KL_p_Aansluitbijdrage_GeoThermie_Woning;-41.5371637
KL_p_Aansluitbijdrage_RestWarmte_Woning;-54.1837542
KL_p_Aansluitbijdrage_BioWKK_Woning;-17.0554674
KL_p_Aansluitbijdrage_WijkWKK_Woning;0
KL_p_Aansluitbijdrage_GeoThermie_UitlegWoning;-13.9520759
KL_p_Aansluitbijdrage_RestWarmte_UitlegWoning;-44.9556656
KL_p_Aansluitbijdrage_BioWKK_UitlegWoning;-6.36406301
KL_p_Aansluitbijdrage_WijkWKK_UitlegWoning;0
KL_p_Aansluitbijdrage_GeoThermie_Utiliteit;-131.371451
KL_p_Aansluitbijdrage_RestWarmte_Utiliteit;-185.827926
KL_p_Aansluitbijdrage_BioWKK_Utiliteit;-86.964252
KL_p_Aansluitbijdrage_WijkWKK_Utiliteit;0
KL_p_Aansluitbijdrage_GeoThermie_UitlegUtil;-2.35446354
KL_p_Aansluitbijdrage_RestWarmte_UitlegUtil;-3.66794179
KL_p_Aansluitbijdrage_BioWKK_UitlegUtil;-1.29733389
KL_p_Aansluitbijdrage_WijkWKK_UitlegUtil;0
KL_p_Aansluitbijdrage_GeoThermie_Glastuinbouw;0
KL_p_Aansluitbijdrage_RestWarmte_Glastuinbouw;0
KL_p_Aansluitbijdrage_BioWKK_Glastuinbouw;0
KL_p_Aansluitbijdrage_WijkWKK_Glastuinbouw;0
KL_p_Aansluitbijdrage_GeoThermie_UitlegGlTb;0
KL_p_Aansluitbijdrage_RestWarmte_UitlegGlTb;0
KL_p_Aansluitbijdrage_BioWKK_UitlegGlTb;0
KL_p_Aansluitbijdrage_WijkWKK_UitlegGlTb;0
Admin_projectmanagemente;-20.46285
Comfort_ongeriefsvergoeding;-6.56675
Woning_Eigenaar_EIA;0
BTW_Aansluitbijdrage_WKO_Woning;0
BTW_Aansluitbijdrage_WKO_UitlegWoning;-1727.5293
KL_p_Aansluitbijdrage_WKO_Woning;0
KL_p_Aansluitbijdrage_WKO_UitlegWoning;-8226.32998
KL_p_Aansluitbijdrage_WKO_Utiliteit;-373.080262
KL_p_Aansluitbijdrage_WKO_UitlegUtil;-0.027492345
Admin_projectmanagement_WKO;0
Comfort_ongeriefsvergoeding_WKO;0
Woning_Eigenaar_EIA_WKO;0
Woning_Eigenaar_ZonneBoiler;0
UitlegWoning_Eigenaar_ZonneBoiler;0
Utiliteit_Eigenaar_ZonneBoiler;0
UitlegUtil_Eigenaar_ZonneBoiler;0
Glastuinbouw_Eigenaar_ZonneBoiler;0
UitlegGlTb_Eigenaar_ZonneBoiler;0
Woning_Eigenaar_Zon_PV;0
UitlegWoning_Eigenaar_Zon_PV;0
Utiliteit_Eigenaar_Zon_PV;0
UitlegUtil_Eigenaar_Zon_PV;0
Glastuinbouw_Eigenaar_Zon_PV;0
UitlegGlTb_Eigenaar_Zon_PV;0
Woning_Eigenaar_mWKK;0
UitlegWoning_Eigenaar_mWKK;0
Utiliteit_Eigenaar_mWKK;0
UitlegUtil_Eigenaar_mWKK;0
Glastuinbouw_Eigenaar_mWKK;0
UitlegGlTb_Eigenaar_mWKK;0
Woning_Eigenaar_eWP;0
UitlegWoning_Eigenaar_eWP;648.222924
Utiliteit_Eigenaar_eWP;385.94869
UitlegUtil_Eigenaar_eWP;0
Glastuinbouw_Eigenaar_eWP;0
UitlegGlTb_Eigenaar_eWP;0
Woning_Eigenaar_EWV;0
UitlegWoning_Eigenaar_EWV;0
Utiliteit_Eigenaar_EWV;0
UitlegUtil_Eigenaar_EWV;0
Glastuinbouw_Eigenaar_EWV;0
UitlegGlTb_Eigenaar_EWV;0
Woning_Eigenaar_hWP;0
UitlegWoning_Eigenaar_hWP;0
Utiliteit_Eigenaar_hWP;0
UitlegUtil_Eigenaar_hWP;0
Glastuinbouw_Eigenaar_hWP;0
UitlegGlTb_Eigenaar_hWP;0
Woning_Eigenaar_Gebouwverbetering;8272.50105
UitlegWoning_Eigenaar_Gebouwverbetering;0
Utiliteit_Eigenaar_Gebouwverbetering;2048.61749
UitlegUtil_Eigenaar_Gebouwverbetering;0
Glastuinbouw_Eigenaar_Gebouwverbetering;0
UitlegGlTb_Eigenaar_Gebouwverbetering;0
Subsidie_EIA30Woning;0
Subsidie_EIA30UitlegWoning;0
Subsidie_EIA30Utiliteit;0
Subsidie_EIA30UitlegUtil;0
Subsidie_EIA30Glastuinbouw;0
Subsidie_EIA30UitlegGlTb;0
Subsidie_EIA15Woning;0
Subsidie_EIA15UitlegWoning;0
Subsidie_EIA15Utiliteit;0
Subsidie_EIA15UitlegUtil;0
Subsidie_EIA15Glastuinbouw;0
Subsidie_EIA15UitlegGlTb;0
Woning_Eigenaar_Aansluitbijdrage_GeoThermie;50.259968
Woning_Eigenaar_Aansluitbijdrage_RestWarmte;65.5623426
Woning_Eigenaar_Aansluitbijdrage_BioWKK;20.6371156
Woning_Eigenaar_Aansluitbijdrage_WijkWKK;0
UitlegWoning_Eigenaar_Aansluitbijdrage_GeoThermie;16.8820119
UitlegWoning_Eigenaar_Aansluitbijdrage_RestWarmte;54.3963554
UitlegWoning_Eigenaar_Aansluitbijdrage_BioWKK;7.70051624
UitlegWoning_Eigenaar_Aansluitbijdrage_WijkWKK;0
Utiliteit_Eigenaar_Aansluitbijdrage_GeoThermie;131.371451
Utiliteit_Eigenaar_Aansluitbijdrage_RestWarmte;185.827926
Utiliteit_Eigenaar_Aansluitbijdrage_BioWKK;86.964252
Utiliteit_Eigenaar_Aansluitbijdrage_WijkWKK;0
UitlegUtil_Eigenaar_Aansluitbijdrage_GeoThermie;2.35446354
UitlegUtil_Eigenaar_Aansluitbijdrage_RestWarmte;3.66794179
UitlegUtil_Eigenaar_Aansluitbijdrage_BioWKK;1.29733389
UitlegUtil_Eigenaar_Aansluitbijdrage_WijkWKK;0
Glastuinbouw_Eigenaar_Aansluitbijdrage_GeoThermie;0
Glastuinbouw_Eigenaar_Aansluitbijdrage_RestWarmte;0
Glastuinbouw_Eigenaar_Aansluitbijdrage_BioWKK;0
Glastuinbouw_Eigenaar_Aansluitbijdrage_WijkWKK;0
UitlegGlTb_Eigenaar_Aansluitbijdrage_GeoThermie;0
UitlegGlTb_Eigenaar_Aansluitbijdrage_RestWarmte;0
UitlegGlTb_Eigenaar_Aansluitbijdrage_BioWKK;0
UitlegGlTb_Eigenaar_Aansluitbijdrage_WijkWKK;0
Woning_Eigenaar_projectmanagement;20.46285
Woning_Eigenaar_ongeriefsvergoeding;6.56675
Subsidie_ge_EIA;0
Woning_Eigenaar_Aansluitbijdrage_WKO;0
UitlegWoning_Eigenaar_Aansluitbijdrage_WKO;9953.85927
Utiliteit_Eigenaar_Aansluitbijdrage_WKO;373.080262
UitlegUtil_Eigenaar_Aansluitbijdrage_WKO;0.027492345
Woning_Eigenaar_projectmanagement_WKO;0
Woning_Eigenaar_ongeriefsvergoeding_WKO;0
Subsidie_EIA_WKO;0
