titel;bedrag
[text];[MEUR/Yr]
GasNet_Aansluitbijdrage_Woning;0
GasNet_Aansluitbijdrage_UitlegWoning;-10.4524912
GasNet_Aansluitbijdrage_Utiliteit;0
GasNet_Aansluitbijdrage_UitlegUtil;-2.54521039
GasNet_Aansluitbijdrage_Glastuinbouw;0
GasNet_Aansluitbijdrage_UitlegGlTb;0
BTW_Aansluitbijdrage_AardGasWoning;0
BTW_Aansluitbijdrage_AardGasUitlegWoning;-2.19502315
ElektriciteitsNet_AansluitbijdrageWoning;0
ElektriciteitsNet_AansluitbijdrageUitlegWoning;-26.3512962
ElektriciteitsNet_AansluitbijdrageUtiliteit;0
ElektriciteitsNet_AansluitbijdrageUitlegUtil;-2.73436618
ElektriciteitsNet_AansluitbijdrageGlastuinbouw;0
ElektriciteitsNet_AansluitbijdrageUitlegGlTb;0
BTW_ElektriciteitAansluitbijdrageWoning;0
BTW_ElektriciteitAansluitbijdrageUitlegWoning;-5.53377221
LokaleOpwekking_Woning30j;0
LokaleOpwekking_UitlegWoning30j;0
LokaleOpwekking_Utiliteit30j;0
LokaleOpwekking_UitlegUtil30j;0
LokaleOpwekking_Glastuinbouw30j;0
LokaleOpwekking_UitlegGlTb30j;0
BTW_Woning30j;0
BTW_UitlegWoning30j;0
LokaleOpwekking_Woning15j;0
LokaleOpwekking_UitlegWoning15j;0
LokaleOpwekking_Utiliteit15j;-0.777543606
LokaleOpwekking_UitlegUtil15j;0
LokaleOpwekking_Glastuinbouw15j;0
LokaleOpwekking_UitlegGlTb15j;0
BTW_Woning15j;0
BTW_UitlegWoning15j;0
Gebouw_GebouwverbeteringWoning;-62.4520545
Gebouw_GebouwverbeteringUitlegWoning;0
Gebouw_GebouwverbeteringUtiliteit;-5.12289551
Gebouw_GebouwverbeteringUitlegUtil;0
Gebouw_GebouwverbeteringGlastuinbouw;0
Gebouw_GebouwverbeteringUitlegGlTb;0
BTW_GebouwverbeteringWoning;-8.43102736
BTW_GebouwverbeteringUitlegWoning;0
Woning_Eigenaar_EIA30;0
UitlegWoning_Eigenaar_EIA30;0
Utiliteit_Eigenaar_EIA30;0
UitlegUtil_Eigenaar_EIA30;0
Glastuinbouw_Eigenaar_EIA30;0
UitlegGlTb_Eigenaar_EIA30;0
Woning_Eigenaar_EIA15;0
UitlegWoning_Eigenaar_EIA15;0
Utiliteit_Eigenaar_EIA15;0
UitlegUtil_Eigenaar_EIA15;0
Glastuinbouw_Eigenaar_EIA15;0
UitlegGlTb_Eigenaar_EIA15;0
BTW_Aansluitbijdrage_GeoThermie_Woning;-0.293002739
BTW_Aansluitbijdrage_RestWarmte_Woning;-0.605649568
BTW_Aansluitbijdrage_BioWKK_Woning;-0.104265395
BTW_Aansluitbijdrage_WijkWKK_Woning;0
BTW_Aansluitbijdrage_GeoThermie_UitlegWoning;-0.0127617596
BTW_Aansluitbijdrage_RestWarmte_UitlegWoning;-0.218764472
BTW_Aansluitbijdrage_BioWKK_UitlegWoning;-0.00727684075
BTW_Aansluitbijdrage_WijkWKK_UitlegWoning;0
KL_p_Aansluitbijdrage_GeoThermie_Woning;-1.39525114
KL_p_Aansluitbijdrage_RestWarmte_Woning;-2.88404556
KL_p_Aansluitbijdrage_BioWKK_Woning;-0.49650188
KL_p_Aansluitbijdrage_WijkWKK_Woning;0
KL_p_Aansluitbijdrage_GeoThermie_UitlegWoning;-0.0607702838
KL_p_Aansluitbijdrage_RestWarmte_UitlegWoning;-1.04173558
KL_p_Aansluitbijdrage_BioWKK_UitlegWoning;-0.0346516226
KL_p_Aansluitbijdrage_WijkWKK_UitlegWoning;0
KL_p_Aansluitbijdrage_GeoThermie_Utiliteit;-4.51951451
KL_p_Aansluitbijdrage_RestWarmte_Utiliteit;-9.76383227
KL_p_Aansluitbijdrage_BioWKK_Utiliteit;-3.41768877
KL_p_Aansluitbijdrage_WijkWKK_Utiliteit;0
KL_p_Aansluitbijdrage_GeoThermie_UitlegUtil;-0.0175514511
KL_p_Aansluitbijdrage_RestWarmte_UitlegUtil;-0.0385208945
KL_p_Aansluitbijdrage_BioWKK_UitlegUtil;-0.0272831091
KL_p_Aansluitbijdrage_WijkWKK_UitlegUtil;0
KL_p_Aansluitbijdrage_GeoThermie_Glastuinbouw;0
KL_p_Aansluitbijdrage_RestWarmte_Glastuinbouw;0
KL_p_Aansluitbijdrage_BioWKK_Glastuinbouw;0
KL_p_Aansluitbijdrage_WijkWKK_Glastuinbouw;0
KL_p_Aansluitbijdrage_GeoThermie_UitlegGlTb;0
KL_p_Aansluitbijdrage_RestWarmte_UitlegGlTb;0
KL_p_Aansluitbijdrage_BioWKK_UitlegGlTb;0
KL_p_Aansluitbijdrage_WijkWKK_UitlegGlTb;0
Admin_projectmanagemente;-0.80309615
Comfort_ongeriefsvergoeding;-0.24313676
Woning_Eigenaar_EIA;0
BTW_Aansluitbijdrage_WKO_Woning;0
BTW_Aansluitbijdrage_WKO_UitlegWoning;-38.100333
KL_p_Aansluitbijdrage_WKO_Woning;0
KL_p_Aansluitbijdrage_WKO_UitlegWoning;-181.430157
KL_p_Aansluitbijdrage_WKO_Utiliteit;-9.69586333
KL_p_Aansluitbijdrage_WKO_UitlegUtil;0
Admin_projectmanagement_WKO;0
Comfort_ongeriefsvergoeding_WKO;0
Woning_Eigenaar_EIA_WKO;0
Woning_Eigenaar_AardGas;0
UitlegWoning_Eigenaar_AardGas;16.0467738
Utiliteit_Eigenaar_AardGas;0
UitlegUtil_Eigenaar_AardGas;4.46942806
Glastuinbouw_Eigenaar_AardGas;0
UitlegGlTb_Eigenaar_AardGas;0
Woning_Eigenaar_Elektriciteit;0
UitlegWoning_Eigenaar_Elektriciteit;40.4547856
Utiliteit_Eigenaar_Elektriciteit;0
UitlegUtil_Eigenaar_Elektriciteit;4.80158849
Glastuinbouw_Eigenaar_Elektriciteit;0
UitlegGlTb_Eigenaar_Elektriciteit;0
Woning_Eigenaar_ZonneBoiler;0
UitlegWoning_Eigenaar_ZonneBoiler;0
Utiliteit_Eigenaar_ZonneBoiler;0
UitlegUtil_Eigenaar_ZonneBoiler;0
Glastuinbouw_Eigenaar_ZonneBoiler;0
UitlegGlTb_Eigenaar_ZonneBoiler;0
Woning_Eigenaar_Zon_PV;0
UitlegWoning_Eigenaar_Zon_PV;0
Utiliteit_Eigenaar_Zon_PV;0
UitlegUtil_Eigenaar_Zon_PV;0
Glastuinbouw_Eigenaar_Zon_PV;0
UitlegGlTb_Eigenaar_Zon_PV;0
Woning_Eigenaar_mWKK;0
UitlegWoning_Eigenaar_mWKK;0
Utiliteit_Eigenaar_mWKK;0
UitlegUtil_Eigenaar_mWKK;0
Glastuinbouw_Eigenaar_mWKK;0
UitlegGlTb_Eigenaar_mWKK;0
Woning_Eigenaar_eWP;0
UitlegWoning_Eigenaar_eWP;0
Utiliteit_Eigenaar_eWP;1.00999504
UitlegUtil_Eigenaar_eWP;0
Glastuinbouw_Eigenaar_eWP;0
UitlegGlTb_Eigenaar_eWP;0
Woning_Eigenaar_EWV;0
UitlegWoning_Eigenaar_EWV;0
Utiliteit_Eigenaar_EWV;0
UitlegUtil_Eigenaar_EWV;0
Glastuinbouw_Eigenaar_EWV;0
UitlegGlTb_Eigenaar_EWV;0
Woning_Eigenaar_hWP;0
UitlegWoning_Eigenaar_hWP;0
Utiliteit_Eigenaar_hWP;0
UitlegUtil_Eigenaar_hWP;0
Glastuinbouw_Eigenaar_hWP;0
UitlegGlTb_Eigenaar_hWP;0
Woning_Eigenaar_Gebouwverbetering;84.335634
UitlegWoning_Eigenaar_Gebouwverbetering;0
Utiliteit_Eigenaar_Gebouwverbetering;7.86880303
UitlegUtil_Eigenaar_Gebouwverbetering;0
Glastuinbouw_Eigenaar_Gebouwverbetering;0
UitlegGlTb_Eigenaar_Gebouwverbetering;0
Subsidie_EIA30Woning;0
Subsidie_EIA30UitlegWoning;0
Subsidie_EIA30Utiliteit;0
Subsidie_EIA30UitlegUtil;0
Subsidie_EIA30Glastuinbouw;0
Subsidie_EIA30UitlegGlTb;0
Subsidie_EIA15Woning;0
Subsidie_EIA15UitlegWoning;0
Subsidie_EIA15Utiliteit;0
Subsidie_EIA15UitlegUtil;0
Subsidie_EIA15Glastuinbouw;0
Subsidie_EIA15UitlegGlTb;0
Woning_Eigenaar_Aansluitbijdrage_GeoThermie;1.99211394
Woning_Eigenaar_Aansluitbijdrage_RestWarmte;4.11778727
Woning_Eigenaar_Aansluitbijdrage_BioWKK;0.708896262
Woning_Eigenaar_Aansluitbijdrage_WijkWKK;0
UitlegWoning_Eigenaar_Aansluitbijdrage_GeoThermie;0.0867666947
UitlegWoning_Eigenaar_Aansluitbijdrage_RestWarmte;1.48737092
UitlegWoning_Eigenaar_Aansluitbijdrage_BioWKK;0.0494749501
UitlegWoning_Eigenaar_Aansluitbijdrage_WijkWKK;0
Utiliteit_Eigenaar_Aansluitbijdrage_GeoThermie;6.81462502
Utiliteit_Eigenaar_Aansluitbijdrage_RestWarmte;14.7221246
Utiliteit_Eigenaar_Aansluitbijdrage_BioWKK;5.15326753
Utiliteit_Eigenaar_Aansluitbijdrage_WijkWKK;0
UitlegUtil_Eigenaar_Aansluitbijdrage_GeoThermie;0.0264644704
UitlegUtil_Eigenaar_Aansluitbijdrage_RestWarmte;0.0580826659
UitlegUtil_Eigenaar_Aansluitbijdrage_BioWKK;0.0411380819
UitlegUtil_Eigenaar_Aansluitbijdrage_WijkWKK;0
Glastuinbouw_Eigenaar_Aansluitbijdrage_GeoThermie;0
Glastuinbouw_Eigenaar_Aansluitbijdrage_RestWarmte;0
Glastuinbouw_Eigenaar_Aansluitbijdrage_BioWKK;0
Glastuinbouw_Eigenaar_Aansluitbijdrage_WijkWKK;0
UitlegGlTb_Eigenaar_Aansluitbijdrage_GeoThermie;0
UitlegGlTb_Eigenaar_Aansluitbijdrage_RestWarmte;0
UitlegGlTb_Eigenaar_Aansluitbijdrage_BioWKK;0
UitlegGlTb_Eigenaar_Aansluitbijdrage_WijkWKK;0
Woning_Eigenaar_projectmanagement;0.975174202
Woning_Eigenaar_ongeriefsvergoeding;0.295233262
Subsidie_ge_EIA;0
Woning_Eigenaar_Aansluitbijdrage_WKO;0
UitlegWoning_Eigenaar_Aansluitbijdrage_WKO;259.042645
Utiliteit_Eigenaar_Aansluitbijdrage_WKO;14.6196395
UitlegUtil_Eigenaar_Aansluitbijdrage_WKO;0
Woning_Eigenaar_projectmanagement_WKO;0
Woning_Eigenaar_ongeriefsvergoeding_WKO;0
Subsidie_EIA_WKO;0
