titel;bedrag
[text];[MEUR/Yr]
Leverancier_Aansluitbijdrage_GeoThermie_Woning;-1.73421401
Leverancier_Aansluitbijdrage_RestWarmte_Woning;-3.58469675
Leverancier_Aansluitbijdrage_BioWKK_Woning;-0.617122246
Leverancier_Aansluitbijdrage_WijkWKK_Woning;0
Leverancier_Aansluitbijdrage_GeoThermie_UitlegWoning;-0.0755338409
Leverancier_Aansluitbijdrage_RestWarmte_UitlegWoning;-1.29481524
Leverancier_Aansluitbijdrage_BioWKK_UitlegWoning;-0.0430699017
Leverancier_Aansluitbijdrage_WijkWKK_UitlegWoning;0
Leverancier_Aansluitbijdrage_GeoThermie_Utiliteit;-5.61748718
Leverancier_Aansluitbijdrage_RestWarmte_Utiliteit;-12.1358616
Leverancier_Aansluitbijdrage_BioWKK_Utiliteit;-4.24798345
Leverancier_Aansluitbijdrage_WijkWKK_Utiliteit;0
Leverancier_Aansluitbijdrage_GeoThermie_UitlegUtil;-0.0218154077
Leverancier_Aansluitbijdrage_RestWarmte_UitlegUtil;-0.0478791761
Leverancier_Aansluitbijdrage_BioWKK_UitlegUtil;-0.0339112786
Leverancier_Aansluitbijdrage_WijkWKK_UitlegUtil;0
Leverancier_Aansluitbijdrage_GeoThermie_Glastuinbouw;0
Leverancier_Aansluitbijdrage_RestWarmte_Glastuinbouw;0
Leverancier_Aansluitbijdrage_BioWKK_Glastuinbouw;0
Leverancier_Aansluitbijdrage_WijkWKK_Glastuinbouw;0
Leverancier_Aansluitbijdrage_GeoThermie_UitlegGlTb;0
Leverancier_Aansluitbijdrage_RestWarmte_UitlegGlTb;0
Leverancier_Aansluitbijdrage_BioWKK_UitlegGlTb;0
Leverancier_Aansluitbijdrage_WijkWKK_UitlegGlTb;0
InpandigeDistributie_GeoThermie;0.836728191
InpandigeDistributie_RestWarmte;3.13523916
InpandigeDistributie_BioWKK;0.942406427
InpandigeDistributie_WijkWKK;0
InpandigeDistributeur_GeoThermie_EIA;0
InpandigeDistributeur_RestWarmte_EIA;0
InpandigeDistributeur_BioWKK_EIA;0
InpandigeDistributeur_WijkWKK_EIA;0
WijkDistributie_GeoThermie;-22.0958508
WijkDistributie_RestWarmte;-50.6403743
WijkDistributie_BioWKK;-14.2242105
WijkDistributie_WijkWKK;0
WijkDistributeur_GeoThermie_EIA;0
WijkDistributeur_RestWarmte_EIA;0
WijkDistributeur_BioWKK_EIA;0
WijkDistributeur_WijkWKK_EIA;0
PrimairTransport_GeoThermie;0
PrimairTransport_RestWarmte;-13.7311344
PrimairTransport_BioWKK;0
PrimairTransport_WijkWKK;0
PrimairTransporteur_GeoThermie_EIA;0
PrimairTransporteur_RestWarmte_EIA;0
PrimairTransporteur_BioWKK_EIA;0
PrimairTransporteur_WijkWKK_EIA;0
Opwekking_GeoThermie;-31.5112447
Opwekking_RestWarmte;-4.89087362
Opwekking_BioWKK;-9.67317302
Opwekking_WijkWKK;0
GeoThermie_GeoThermie_EIA;0
RestWarmte_RestWarmte_EIA;0
BioWKK_BioWKK_EIA;0
WijkWKK_WijkWKK_EIA;0
Leverancier_Aansluitbijdrage_WKO_Woning;0
Leverancier_Aansluitbijdrage_WKO_UitlegWoning;-225.506872
Leverancier_Aansluitbijdrage_WKO_Utiliteit;-12.0513803
Leverancier_Aansluitbijdrage_WKO_UitlegUtil;0
InpandigeDistributie_WKO;-95.0085138
InpandigeDistributeur_WKO_EIA;0
WijkDistributie_WKO;-77.3590951
WijkDistributeur_WKO_EIA;0
Opwekking_WKO;-166.716408
WKO_WKO_EIA;0
KL_e_Aansluitbijdrage_GeoThermie_Woning;1.39525114
KL_e_Aansluitbijdrage_RestWarmte_Woning;2.88404556
KL_e_Aansluitbijdrage_BioWKK_Woning;0.49650188
KL_e_Aansluitbijdrage_WijkWKK_Woning;0
KL_e_Aansluitbijdrage_GeoThermie_UitlegWoning;0.0607702838
KL_e_Aansluitbijdrage_RestWarmte_UitlegWoning;1.04173558
KL_e_Aansluitbijdrage_BioWKK_UitlegWoning;0.0346516226
KL_e_Aansluitbijdrage_WijkWKK_UitlegWoning;0
KL_e_Aansluitbijdrage_GeoThermie_Utiliteit;4.51951451
KL_e_Aansluitbijdrage_RestWarmte_Utiliteit;9.76383227
KL_e_Aansluitbijdrage_BioWKK_Utiliteit;3.41768877
KL_e_Aansluitbijdrage_WijkWKK_Utiliteit;0
KL_e_Aansluitbijdrage_GeoThermie_UitlegUtil;0.0175514511
KL_e_Aansluitbijdrage_RestWarmte_UitlegUtil;0.0385208945
KL_e_Aansluitbijdrage_BioWKK_UitlegUtil;0.0272831091
KL_e_Aansluitbijdrage_WijkWKK_UitlegUtil;0
KL_e_Aansluitbijdrage_GeoThermie_Glastuinbouw;0
KL_e_Aansluitbijdrage_RestWarmte_Glastuinbouw;0
KL_e_Aansluitbijdrage_BioWKK_Glastuinbouw;0
KL_e_Aansluitbijdrage_WijkWKK_Glastuinbouw;0
KL_e_Aansluitbijdrage_GeoThermie_UitlegGlTb;0
KL_e_Aansluitbijdrage_RestWarmte_UitlegGlTb;0
KL_e_Aansluitbijdrage_BioWKK_UitlegGlTb;0
KL_e_Aansluitbijdrage_WijkWKK_UitlegGlTb;0
InpandigeDistributeur_GeoThermie;-1.08038802
InpandigeDistributeur_RestWarmte;-4.04823794
InpandigeDistributeur_BioWKK;-1.21684033
InpandigeDistributeur_WijkWKK;0
Subsidie_GeoThermie_EIA_id;0
Subsidie_RestWarmte_EIA_id;0
Subsidie_BioWKK_EIA_id;0
Subsidie_WijkWKK_EIA_id;0
WijkDistributeur_GeoThermie;28.5302835
WijkDistributeur_RestWarmte;65.3871283
WijkDistributeur_BioWKK;18.3663784
WijkDistributeur_WijkWKK;0
Subsidie_GeoThermie_EIA_wd;0
Subsidie_RestWarmte_EIA_wd;0
Subsidie_BioWKK_EIA_wd;0
Subsidie_WijkWKK_EIA_wd;0
PrimairTransporteur_GeoThermie;0
PrimairTransporteur_RestWarmte;17.7297159
PrimairTransporteur_BioWKK;0
PrimairTransporteur_WijkWKK;0
Subsidie_GeoThermie_EIA_pt;0
Subsidie_RestWarmte_EIA_pt;0
Subsidie_BioWKK_EIA_pt;0
Subsidie_WijkWKK_EIA_pt;0
GeoThermie_GeoThermie;40.6874916
RestWarmte_RestWarmte;6.31512277
BioWKK_BioWKK;12.4900539
WijkWKK_WijkWKK;0
Subsidie_GeoThermie_EIA_ov;0
Subsidie_RestWarmte_EIA_ov;0
Subsidie_BioWKK_EIA_ov;0
Subsidie_WijkWKK_EIA_ov;0
KL_e_Aansluitbijdrage_WKO_Woning;0
KL_e_Aansluitbijdrage_WKO_UitlegWoning;181.430157
KL_e_Aansluitbijdrage_WKO_Utiliteit;9.69586333
KL_e_Aansluitbijdrage_WKO_UitlegUtil;0
InpandigeDistributeur_WKO;122.675513
Subsidie_WKO_EIA_id;0
WijkDistributeur_WKO;99.8864867
Subsidie_WKO_EIA_wd;0
WKO_WKO;215.265138
Subsidie_WKO_EIA_ov;0
