titel;bedrag
[text];[MEUR/Yr]
GasNet_Aansluitbijdrage_Woning;0
GasNet_Aansluitbijdrage_UitlegWoning;-25.3087603
GasNet_Aansluitbijdrage_Utiliteit;0
GasNet_Aansluitbijdrage_UitlegUtil;-11.9733745
GasNet_Aansluitbijdrage_Glastuinbouw;0
GasNet_Aansluitbijdrage_UitlegGlTb;0
BTW_Aansluitbijdrage_AardGasWoning;0
BTW_Aansluitbijdrage_AardGasUitlegWoning;-5.31483966
ElektriciteitsNet_AansluitbijdrageWoning;0
ElektriciteitsNet_AansluitbijdrageUitlegWoning;-67.5586442
ElektriciteitsNet_AansluitbijdrageUtiliteit;0
ElektriciteitsNet_AansluitbijdrageUitlegUtil;-12.9276808
ElektriciteitsNet_AansluitbijdrageGlastuinbouw;0
ElektriciteitsNet_AansluitbijdrageUitlegGlTb;0
BTW_ElektriciteitAansluitbijdrageWoning;0
BTW_ElektriciteitAansluitbijdrageUitlegWoning;-14.1873153
LokaleOpwekking_Woning30j;0
LokaleOpwekking_UitlegWoning30j;0
LokaleOpwekking_Utiliteit30j;0
LokaleOpwekking_UitlegUtil30j;0
LokaleOpwekking_Glastuinbouw30j;0
LokaleOpwekking_UitlegGlTb30j;0
BTW_Woning30j;0
BTW_UitlegWoning30j;0
LokaleOpwekking_Woning15j;0
LokaleOpwekking_UitlegWoning15j;0
LokaleOpwekking_Utiliteit15j;-10.737843
LokaleOpwekking_UitlegUtil15j;0
LokaleOpwekking_Glastuinbouw15j;0
LokaleOpwekking_UitlegGlTb15j;0
BTW_Woning15j;0
BTW_UitlegWoning15j;0
Gebouw_GebouwverbeteringWoning;-54.0031511
Gebouw_GebouwverbeteringUitlegWoning;0
Gebouw_GebouwverbeteringUtiliteit;-35.2236001
Gebouw_GebouwverbeteringUitlegUtil;0
Gebouw_GebouwverbeteringGlastuinbouw;0
Gebouw_GebouwverbeteringUitlegGlTb;0
BTW_GebouwverbeteringWoning;-7.29042539
BTW_GebouwverbeteringUitlegWoning;0
Woning_Eigenaar_EIA30;0
UitlegWoning_Eigenaar_EIA30;0
Utiliteit_Eigenaar_EIA30;0
UitlegUtil_Eigenaar_EIA30;0
Glastuinbouw_Eigenaar_EIA30;0
UitlegGlTb_Eigenaar_EIA30;0
Woning_Eigenaar_EIA15;0
UitlegWoning_Eigenaar_EIA15;0
Utiliteit_Eigenaar_EIA15;0
UitlegUtil_Eigenaar_EIA15;0
Glastuinbouw_Eigenaar_EIA15;0
UitlegGlTb_Eigenaar_EIA15;0
BTW_Aansluitbijdrage_GeoThermie_Woning;-0.292101428
BTW_Aansluitbijdrage_RestWarmte_Woning;-0.508466385
BTW_Aansluitbijdrage_BioWKK_Woning;-0.0876156465
BTW_Aansluitbijdrage_WijkWKK_Woning;0
BTW_Aansluitbijdrage_GeoThermie_UitlegWoning;-0.284773663
BTW_Aansluitbijdrage_RestWarmte_UitlegWoning;-0.536846354
BTW_Aansluitbijdrage_BioWKK_UitlegWoning;-0.0404066865
BTW_Aansluitbijdrage_WijkWKK_UitlegWoning;0
KL_p_Aansluitbijdrage_GeoThermie_Woning;-1.39095918
KL_p_Aansluitbijdrage_RestWarmte_Woning;-2.4212685
KL_p_Aansluitbijdrage_BioWKK_Woning;-0.417217364
KL_p_Aansluitbijdrage_WijkWKK_Woning;0
KL_p_Aansluitbijdrage_GeoThermie_UitlegWoning;-1.35606506
KL_p_Aansluitbijdrage_RestWarmte_UitlegWoning;-2.55641121
KL_p_Aansluitbijdrage_BioWKK_UitlegWoning;-0.192412793
KL_p_Aansluitbijdrage_WijkWKK_UitlegWoning;0
KL_p_Aansluitbijdrage_GeoThermie_Utiliteit;-5.75618405
KL_p_Aansluitbijdrage_RestWarmte_Utiliteit;-9.55779139
KL_p_Aansluitbijdrage_BioWKK_Utiliteit;-2.87236347
KL_p_Aansluitbijdrage_WijkWKK_Utiliteit;0
KL_p_Aansluitbijdrage_GeoThermie_UitlegUtil;-0.202818495
KL_p_Aansluitbijdrage_RestWarmte_UitlegUtil;-0.353641383
KL_p_Aansluitbijdrage_BioWKK_UitlegUtil;-0.103443362
KL_p_Aansluitbijdrage_WijkWKK_UitlegUtil;0
KL_p_Aansluitbijdrage_GeoThermie_Glastuinbouw;0
KL_p_Aansluitbijdrage_RestWarmte_Glastuinbouw;0
KL_p_Aansluitbijdrage_BioWKK_Glastuinbouw;0
KL_p_Aansluitbijdrage_WijkWKK_Glastuinbouw;0
KL_p_Aansluitbijdrage_GeoThermie_UitlegGlTb;0
KL_p_Aansluitbijdrage_RestWarmte_UitlegGlTb;0
KL_p_Aansluitbijdrage_BioWKK_UitlegGlTb;0
KL_p_Aansluitbijdrage_WijkWKK_UitlegGlTb;0
Admin_projectmanagemente;-0.871345805
Comfort_ongeriefsvergoeding;-0.265222399
Woning_Eigenaar_EIA;0
BTW_Aansluitbijdrage_WKO_Woning;0
BTW_Aansluitbijdrage_WKO_UitlegWoning;-194.854397
KL_p_Aansluitbijdrage_WKO_Woning;0
KL_p_Aansluitbijdrage_WKO_UitlegWoning;-927.878079
KL_p_Aansluitbijdrage_WKO_Utiliteit;-30.1363968
KL_p_Aansluitbijdrage_WKO_UitlegUtil;-0.118687328
Admin_projectmanagement_WKO;0
Comfort_ongeriefsvergoeding_WKO;0
Woning_Eigenaar_EIA_WKO;0
Woning_Eigenaar_AardGas;0
UitlegWoning_Eigenaar_AardGas;38.8542735
Utiliteit_Eigenaar_AardGas;0
UitlegUtil_Eigenaar_AardGas;21.0254273
Glastuinbouw_Eigenaar_AardGas;0
UitlegGlTb_Eigenaar_AardGas;0
Woning_Eigenaar_Elektriciteit;0
UitlegWoning_Eigenaar_Elektriciteit;103.716737
Utiliteit_Eigenaar_Elektriciteit;0
UitlegUtil_Eigenaar_Elektriciteit;22.7012036
Glastuinbouw_Eigenaar_Elektriciteit;0
UitlegGlTb_Eigenaar_Elektriciteit;0
Woning_Eigenaar_ZonneBoiler;0
UitlegWoning_Eigenaar_ZonneBoiler;0
Utiliteit_Eigenaar_ZonneBoiler;0
UitlegUtil_Eigenaar_ZonneBoiler;0
Glastuinbouw_Eigenaar_ZonneBoiler;0
UitlegGlTb_Eigenaar_ZonneBoiler;0
Woning_Eigenaar_Zon_PV;0
UitlegWoning_Eigenaar_Zon_PV;0
Utiliteit_Eigenaar_Zon_PV;0
UitlegUtil_Eigenaar_Zon_PV;0
Glastuinbouw_Eigenaar_Zon_PV;0
UitlegGlTb_Eigenaar_Zon_PV;0
Woning_Eigenaar_mWKK;0
UitlegWoning_Eigenaar_mWKK;0
Utiliteit_Eigenaar_mWKK;0
UitlegUtil_Eigenaar_mWKK;0
Glastuinbouw_Eigenaar_mWKK;0
UitlegGlTb_Eigenaar_mWKK;0
Woning_Eigenaar_eWP;0
UitlegWoning_Eigenaar_eWP;0
Utiliteit_Eigenaar_eWP;13.9479872
UitlegUtil_Eigenaar_eWP;0
Glastuinbouw_Eigenaar_eWP;0
UitlegGlTb_Eigenaar_eWP;0
Woning_Eigenaar_EWV;0
UitlegWoning_Eigenaar_EWV;0
Utiliteit_Eigenaar_EWV;0
UitlegUtil_Eigenaar_EWV;0
Glastuinbouw_Eigenaar_EWV;0
UitlegGlTb_Eigenaar_EWV;0
Woning_Eigenaar_hWP;0
UitlegWoning_Eigenaar_hWP;0
Utiliteit_Eigenaar_hWP;0
UitlegUtil_Eigenaar_hWP;0
Glastuinbouw_Eigenaar_hWP;0
UitlegGlTb_Eigenaar_hWP;0
Woning_Eigenaar_Gebouwverbetering;72.9261834
UitlegWoning_Eigenaar_Gebouwverbetering;0
Utiliteit_Eigenaar_Gebouwverbetering;54.1036941
UitlegUtil_Eigenaar_Gebouwverbetering;0
Glastuinbouw_Eigenaar_Gebouwverbetering;0
UitlegGlTb_Eigenaar_Gebouwverbetering;0
Subsidie_EIA30Woning;0
Subsidie_EIA30UitlegWoning;0
Subsidie_EIA30Utiliteit;0
Subsidie_EIA30UitlegUtil;0
Subsidie_EIA30Glastuinbouw;0
Subsidie_EIA30UitlegGlTb;0
Subsidie_EIA15Woning;0
Subsidie_EIA15UitlegWoning;0
Subsidie_EIA15Utiliteit;0
Subsidie_EIA15UitlegUtil;0
Subsidie_EIA15Glastuinbouw;0
Subsidie_EIA15UitlegGlTb;0
Woning_Eigenaar_Aansluitbijdrage_GeoThermie;1.98598596
Woning_Eigenaar_Aansluitbijdrage_RestWarmte;3.45704268
Woning_Eigenaar_Aansluitbijdrage_BioWKK;0.595695288
Woning_Eigenaar_Aansluitbijdrage_WijkWKK;0
UitlegWoning_Eigenaar_Aansluitbijdrage_GeoThermie;1.93616478
UitlegWoning_Eigenaar_Aansluitbijdrage_RestWarmte;3.64999696
UitlegWoning_Eigenaar_Aansluitbijdrage_BioWKK;0.274723451
UitlegWoning_Eigenaar_Aansluitbijdrage_WijkWKK;0
Utiliteit_Eigenaar_Aansluitbijdrage_GeoThermie;8.679303
Utiliteit_Eigenaar_Aansluitbijdrage_RestWarmte;14.4114515
Utiliteit_Eigenaar_Aansluitbijdrage_BioWKK;4.33101386
Utiliteit_Eigenaar_Aansluitbijdrage_WijkWKK;0
UitlegUtil_Eigenaar_Aansluitbijdrage_GeoThermie;0.305814262
UitlegUtil_Eigenaar_Aansluitbijdrage_RestWarmte;0.533228383
UitlegUtil_Eigenaar_Aansluitbijdrage_BioWKK;0.155974213
UitlegUtil_Eigenaar_Aansluitbijdrage_WijkWKK;0
Glastuinbouw_Eigenaar_Aansluitbijdrage_GeoThermie;0
Glastuinbouw_Eigenaar_Aansluitbijdrage_RestWarmte;0
Glastuinbouw_Eigenaar_Aansluitbijdrage_BioWKK;0
Glastuinbouw_Eigenaar_Aansluitbijdrage_WijkWKK;0
UitlegGlTb_Eigenaar_Aansluitbijdrage_GeoThermie;0
UitlegGlTb_Eigenaar_Aansluitbijdrage_RestWarmte;0
UitlegGlTb_Eigenaar_Aansluitbijdrage_BioWKK;0
UitlegGlTb_Eigenaar_Aansluitbijdrage_WijkWKK;0
Woning_Eigenaar_projectmanagement;1.0580476
Woning_Eigenaar_ongeriefsvergoeding;0.322051153
Subsidie_ge_EIA;0
Woning_Eigenaar_Aansluitbijdrage_WKO;0
UitlegWoning_Eigenaar_Aansluitbijdrage_WKO;1324.80727
Utiliteit_Eigenaar_Aansluitbijdrage_WKO;45.4403328
UitlegUtil_Eigenaar_Aansluitbijdrage_WKO;0.178959406
Woning_Eigenaar_projectmanagement_WKO;0
Woning_Eigenaar_ongeriefsvergoeding_WKO;0
Subsidie_EIA_WKO;0
