titel;bedrag
[text];[MEUR/Yr]
AardGas_maatschappelijk;0
EnergieHeffing_AardGas;0
GasNet_Vastrecht;0
Elektriciteit_maatschappelijk;0
EnergieHeffing_Elektriciteit;0
ElektriciteitsNet_Vastrecht;0
UitlegGlTb_Eigenaar_VergoedingLabelSprong;0
UitlegGlTb_Eigenaar_VergoedingZonPV;0
UitlegGlTb_Eigenaar_VergoedingZonneBoiler;0
Leverancier_Vastrecht_GeoThermie;0
Leverancier_Vastrecht_RestWarmte;0
Leverancier_Vastrecht_BioWKK;0
Leverancier_Vastrecht_WijkWKK;0
Leverancier_Warmte_GeoThermie;0
Leverancier_Warmte_RestWarmte;0
Leverancier_Warmte_BioWKK;0
Leverancier_Warmte_WijkWKK;0
