titel;bedrag
[text];[MEUR/Yr]
KL_e_AardGas;0
KL_e_Elektriciteit;0
KL_e_ZonneBoiler;0
KL_e_Zon_PV;0
KL_e_mWKK;0
KL_e_eWP;-176.465415
KL_e_EWV;0
KL_e_hWP;0
Onderhoud_LokaleOpwekking;-75.5225979
KL_e_Gebouwverbetering;-712.744819
KL_e_Aansluitbijdrage_GeoThermie;-21.7756376
KL_e_Aansluitbijdrage_RestWarmte;-21.6648427
KL_e_Aansluitbijdrage_BioWKK;-6.85847363
KL_e_Aansluitbijdrage_WijkWKK;0
KL_e_Aansluitbijdrage_WKO;-69.3287401
Utiliteit_Gebruiker_VergoedingLabelSprong;1072.66902
Utiliteit_Gebruiker_VergoedingZonPV;0
Utiliteit_Gebruiker_VergoedingZonneBoiler;0
Subsidie_LokaleOpwekking;0
KL_e_EIA30;0
KL_e_EIA15;0
