titel;bedrag
[text];[MEUR]
LokaleOpwekking_Woning30j;0
LokaleOpwekking_UitlegWoning30j;0
LokaleOpwekking_Utiliteit30j;0
LokaleOpwekking_UitlegUtil30j;0
LokaleOpwekking_Glastuinbouw30j;0
LokaleOpwekking_UitlegGlTb30j;0
BTW_Woning30j;0
BTW_UitlegWoning30j;0
LokaleOpwekking_Woning15j;0
LokaleOpwekking_UitlegWoning15j;0
LokaleOpwekking_Utiliteit15j;-8.64503106
LokaleOpwekking_UitlegUtil15j;0
LokaleOpwekking_Glastuinbouw15j;0
LokaleOpwekking_UitlegGlTb15j;0
BTW_Woning15j;0
BTW_UitlegWoning15j;0
Gebouw_GebouwverbeteringWoning;-1079.92301
Gebouw_GebouwverbeteringUitlegWoning;0
Gebouw_GebouwverbeteringUtiliteit;-88.5852797
Gebouw_GebouwverbeteringUitlegUtil;0
Gebouw_GebouwverbeteringGlastuinbouw;0
Gebouw_GebouwverbeteringUitlegGlTb;0
BTW_GebouwverbeteringWoning;-145.789606
BTW_GebouwverbeteringUitlegWoning;0
Woning_Eigenaar_EIA30;0
UitlegWoning_Eigenaar_EIA30;0
Utiliteit_Eigenaar_EIA30;0
UitlegUtil_Eigenaar_EIA30;0
Glastuinbouw_Eigenaar_EIA30;0
UitlegGlTb_Eigenaar_EIA30;0
Woning_Eigenaar_EIA15;0
UitlegWoning_Eigenaar_EIA15;0
Utiliteit_Eigenaar_EIA15;0
UitlegUtil_Eigenaar_EIA15;0
Glastuinbouw_Eigenaar_EIA15;0
UitlegGlTb_Eigenaar_EIA15;0
BTW_Aansluitbijdrage_GeoThermie_Woning;-4.88232316
BTW_Aansluitbijdrage_RestWarmte_Woning;-10.091977
BTW_Aansluitbijdrage_BioWKK_Woning;-1.73738086
BTW_Aansluitbijdrage_WijkWKK_Woning;0
BTW_Aansluitbijdrage_GeoThermie_UitlegWoning;-0.212650007
BTW_Aansluitbijdrage_RestWarmte_UitlegWoning;-3.64528622
BTW_Aansluitbijdrage_BioWKK_UitlegWoning;-0.121254457
BTW_Aansluitbijdrage_WijkWKK_UitlegWoning;0
KL_p_Aansluitbijdrage_GeoThermie_Woning;-23.2491579
KL_p_Aansluitbijdrage_RestWarmte_Woning;-48.0570335
KL_p_Aansluitbijdrage_BioWKK_Woning;-8.27324221
KL_p_Aansluitbijdrage_WijkWKK_Woning;0
KL_p_Aansluitbijdrage_GeoThermie_UitlegWoning;-1.01261908
KL_p_Aansluitbijdrage_RestWarmte_UitlegWoning;-17.3585058
KL_p_Aansluitbijdrage_BioWKK_UitlegWoning;-0.577402178
KL_p_Aansluitbijdrage_WijkWKK_UitlegWoning;0
KL_p_Aansluitbijdrage_GeoThermie_Utiliteit;-75.308956
KL_p_Aansluitbijdrage_RestWarmte_Utiliteit;-162.695354
KL_p_Aansluitbijdrage_BioWKK_Utiliteit;-56.949164
KL_p_Aansluitbijdrage_WijkWKK_Utiliteit;0
KL_p_Aansluitbijdrage_GeoThermie_UitlegUtil;-0.29246094
KL_p_Aansluitbijdrage_RestWarmte_UitlegUtil;-0.6418761
KL_p_Aansluitbijdrage_BioWKK_UitlegUtil;-0.454620173
KL_p_Aansluitbijdrage_WijkWKK_UitlegUtil;0
KL_p_Aansluitbijdrage_GeoThermie_Glastuinbouw;0
KL_p_Aansluitbijdrage_RestWarmte_Glastuinbouw;0
KL_p_Aansluitbijdrage_BioWKK_Glastuinbouw;0
KL_p_Aansluitbijdrage_WijkWKK_Glastuinbouw;0
KL_p_Aansluitbijdrage_GeoThermie_UitlegGlTb;0
KL_p_Aansluitbijdrage_RestWarmte_UitlegGlTb;0
KL_p_Aansluitbijdrage_BioWKK_UitlegGlTb;0
KL_p_Aansluitbijdrage_WijkWKK_UitlegGlTb;0
Admin_projectmanagemente;-12.37245
Comfort_ongeriefsvergoeding;-3.74575
Woning_Eigenaar_EIA;0
BTW_Aansluitbijdrage_WKO_Woning;0
BTW_Aansluitbijdrage_WKO_UitlegWoning;-634.868257
KL_p_Aansluitbijdrage_WKO_Woning;0
KL_p_Aansluitbijdrage_WKO_UitlegWoning;-3023.18218
KL_p_Aansluitbijdrage_WKO_Utiliteit;-161.562784
KL_p_Aansluitbijdrage_WKO_UitlegUtil;0
Admin_projectmanagement_WKO;0
Comfort_ongeriefsvergoeding_WKO;0
Woning_Eigenaar_EIA_WKO;0
Woning_Eigenaar_ZonneBoiler;0
UitlegWoning_Eigenaar_ZonneBoiler;0
Utiliteit_Eigenaar_ZonneBoiler;0
UitlegUtil_Eigenaar_ZonneBoiler;0
Glastuinbouw_Eigenaar_ZonneBoiler;0
UitlegGlTb_Eigenaar_ZonneBoiler;0
Woning_Eigenaar_Zon_PV;0
UitlegWoning_Eigenaar_Zon_PV;0
Utiliteit_Eigenaar_Zon_PV;0
UitlegUtil_Eigenaar_Zon_PV;0
Glastuinbouw_Eigenaar_Zon_PV;0
UitlegGlTb_Eigenaar_Zon_PV;0
Woning_Eigenaar_mWKK;0
UitlegWoning_Eigenaar_mWKK;0
Utiliteit_Eigenaar_mWKK;0
UitlegUtil_Eigenaar_mWKK;0
Glastuinbouw_Eigenaar_mWKK;0
UitlegGlTb_Eigenaar_mWKK;0
Woning_Eigenaar_eWP;0
UitlegWoning_Eigenaar_eWP;0
Utiliteit_Eigenaar_eWP;8.64503106
UitlegUtil_Eigenaar_eWP;0
Glastuinbouw_Eigenaar_eWP;0
UitlegGlTb_Eigenaar_eWP;0
Woning_Eigenaar_EWV;0
UitlegWoning_Eigenaar_EWV;0
Utiliteit_Eigenaar_EWV;0
UitlegUtil_Eigenaar_EWV;0
Glastuinbouw_Eigenaar_EWV;0
UitlegGlTb_Eigenaar_EWV;0
Woning_Eigenaar_hWP;0
UitlegWoning_Eigenaar_hWP;0
Utiliteit_Eigenaar_hWP;0
UitlegUtil_Eigenaar_hWP;0
Glastuinbouw_Eigenaar_hWP;0
UitlegGlTb_Eigenaar_hWP;0
Woning_Eigenaar_Gebouwverbetering;1225.71261
UitlegWoning_Eigenaar_Gebouwverbetering;0
Utiliteit_Eigenaar_Gebouwverbetering;88.5852797
UitlegUtil_Eigenaar_Gebouwverbetering;0
Glastuinbouw_Eigenaar_Gebouwverbetering;0
UitlegGlTb_Eigenaar_Gebouwverbetering;0
Subsidie_EIA30Woning;0
Subsidie_EIA30UitlegWoning;0
Subsidie_EIA30Utiliteit;0
Subsidie_EIA30UitlegUtil;0
Subsidie_EIA30Glastuinbouw;0
Subsidie_EIA30UitlegGlTb;0
Subsidie_EIA15Woning;0
Subsidie_EIA15UitlegWoning;0
Subsidie_EIA15Utiliteit;0
Subsidie_EIA15UitlegUtil;0
Subsidie_EIA15Glastuinbouw;0
Subsidie_EIA15UitlegGlTb;0
Woning_Eigenaar_Aansluitbijdrage_GeoThermie;28.131481
Woning_Eigenaar_Aansluitbijdrage_RestWarmte;58.1490106
Woning_Eigenaar_Aansluitbijdrage_BioWKK;10.0106231
Woning_Eigenaar_Aansluitbijdrage_WijkWKK;0
UitlegWoning_Eigenaar_Aansluitbijdrage_GeoThermie;1.22526909
UitlegWoning_Eigenaar_Aansluitbijdrage_RestWarmte;21.003792
UitlegWoning_Eigenaar_Aansluitbijdrage_BioWKK;0.698656635
UitlegWoning_Eigenaar_Aansluitbijdrage_WijkWKK;0
Utiliteit_Eigenaar_Aansluitbijdrage_GeoThermie;75.308956
Utiliteit_Eigenaar_Aansluitbijdrage_RestWarmte;162.695354
Utiliteit_Eigenaar_Aansluitbijdrage_BioWKK;56.949164
Utiliteit_Eigenaar_Aansluitbijdrage_WijkWKK;0
UitlegUtil_Eigenaar_Aansluitbijdrage_GeoThermie;0.29246094
UitlegUtil_Eigenaar_Aansluitbijdrage_RestWarmte;0.6418761
UitlegUtil_Eigenaar_Aansluitbijdrage_BioWKK;0.454620173
UitlegUtil_Eigenaar_Aansluitbijdrage_WijkWKK;0
Glastuinbouw_Eigenaar_Aansluitbijdrage_GeoThermie;0
Glastuinbouw_Eigenaar_Aansluitbijdrage_RestWarmte;0
Glastuinbouw_Eigenaar_Aansluitbijdrage_BioWKK;0
Glastuinbouw_Eigenaar_Aansluitbijdrage_WijkWKK;0
UitlegGlTb_Eigenaar_Aansluitbijdrage_GeoThermie;0
UitlegGlTb_Eigenaar_Aansluitbijdrage_RestWarmte;0
UitlegGlTb_Eigenaar_Aansluitbijdrage_BioWKK;0
UitlegGlTb_Eigenaar_Aansluitbijdrage_WijkWKK;0
Woning_Eigenaar_projectmanagement;12.37245
Woning_Eigenaar_ongeriefsvergoeding;3.74575
Subsidie_ge_EIA;0
Woning_Eigenaar_Aansluitbijdrage_WKO;0
UitlegWoning_Eigenaar_Aansluitbijdrage_WKO;3658.05043
Utiliteit_Eigenaar_Aansluitbijdrage_WKO;161.562784
UitlegUtil_Eigenaar_Aansluitbijdrage_WKO;0
Woning_Eigenaar_projectmanagement_WKO;0
Woning_Eigenaar_ongeriefsvergoeding_WKO;0
Subsidie_EIA_WKO;0
