titel;bedrag
[text];[MEUR/Yr]
KL_e_AardGas;-46.8376005
KL_e_Elektriciteit;-129.03916
KL_e_ZonneBoiler;0
KL_e_Zon_PV;0
KL_e_mWKK;0
KL_e_eWP;-0.00493382144
KL_e_EWV;0
KL_e_hWP;0
Onderhoud_LokaleOpwekking;-0.00204643108
BTW_LokaleOpwekking_OA;-0.000429750527
KL_e_Gebouwverbetering;0
KL_e_Aansluitbijdrage_GeoThermie;-3.44046191
KL_e_Aansluitbijdrage_RestWarmte;-6.27717888
KL_e_Aansluitbijdrage_BioWKK;-0.374163227
KL_e_Aansluitbijdrage_WijkWKK;0
KL_e_Aansluitbijdrage_WKO;-2038.41971
UitlegWoning_Gebruiker_VergoedingLabelSprong;0
UitlegWoning_Gebruiker_VergoedingZonPV;0
UitlegWoning_Gebruiker_VergoedingZonneBoiler;0
Subsidie_LokaleOpwekking;0
KL_e_EIA30;0
KL_e_EIA15;0
