titel;bedrag
[text];[MEUR/Yr]
Leverancier_Aansluitbijdrage_GeoThermie_Woning;-1.62614504
Leverancier_Aansluitbijdrage_RestWarmte_Woning;-3.2726233
Leverancier_Aansluitbijdrage_BioWKK_Woning;-0.559397646
Leverancier_Aansluitbijdrage_WijkWKK_Woning;0
Leverancier_Aansluitbijdrage_GeoThermie_UitlegWoning;-0.422468482
Leverancier_Aansluitbijdrage_RestWarmte_UitlegWoning;-1.92829971
Leverancier_Aansluitbijdrage_BioWKK_UitlegWoning;-0.168304223
Leverancier_Aansluitbijdrage_WijkWKK_UitlegWoning;0
Leverancier_Aansluitbijdrage_GeoThermie_Utiliteit;-5.84016129
Leverancier_Aansluitbijdrage_RestWarmte_Utiliteit;-11.758739
Leverancier_Aansluitbijdrage_BioWKK_Utiliteit;-3.87888704
Leverancier_Aansluitbijdrage_WijkWKK_Utiliteit;0
Leverancier_Aansluitbijdrage_GeoThermie_UitlegUtil;-0.0767496007
Leverancier_Aansluitbijdrage_RestWarmte_UitlegUtil;-0.170135559
Leverancier_Aansluitbijdrage_BioWKK_UitlegUtil;-0.0647879376
Leverancier_Aansluitbijdrage_WijkWKK_UitlegUtil;0
Leverancier_Aansluitbijdrage_GeoThermie_Glastuinbouw;0
Leverancier_Aansluitbijdrage_RestWarmte_Glastuinbouw;0
Leverancier_Aansluitbijdrage_BioWKK_Glastuinbouw;0
Leverancier_Aansluitbijdrage_WijkWKK_Glastuinbouw;0
Leverancier_Aansluitbijdrage_GeoThermie_UitlegGlTb;0
Leverancier_Aansluitbijdrage_RestWarmte_UitlegGlTb;0
Leverancier_Aansluitbijdrage_BioWKK_UitlegGlTb;0
Leverancier_Aansluitbijdrage_WijkWKK_UitlegGlTb;0
InpandigeDistributie_GeoThermie;1.36763618
InpandigeDistributie_RestWarmte;3.75252776
InpandigeDistributie_BioWKK;0.942406427
InpandigeDistributie_WijkWKK;0
InpandigeDistributeur_GeoThermie_EIA;0
InpandigeDistributeur_RestWarmte_EIA;0
InpandigeDistributeur_BioWKK_EIA;0
InpandigeDistributeur_WijkWKK_EIA;0
WijkDistributie_GeoThermie;-24.2439823
WijkDistributie_RestWarmte;-52.8427827
WijkDistributie_BioWKK;-14.2242105
WijkDistributie_WijkWKK;0
WijkDistributeur_GeoThermie_EIA;0
WijkDistributeur_RestWarmte_EIA;0
WijkDistributeur_BioWKK_EIA;0
WijkDistributeur_WijkWKK_EIA;0
PrimairTransport_GeoThermie;0
PrimairTransport_RestWarmte;-14.1354685
PrimairTransport_BioWKK;0
PrimairTransport_WijkWKK;0
PrimairTransporteur_GeoThermie_EIA;0
PrimairTransporteur_RestWarmte_EIA;0
PrimairTransporteur_BioWKK_EIA;0
PrimairTransporteur_WijkWKK_EIA;0
Opwekking_GeoThermie;-34.7763686
Opwekking_RestWarmte;-5.37904202
Opwekking_BioWKK;-9.67317302
Opwekking_WijkWKK;0
GeoThermie_GeoThermie_EIA;0
RestWarmte_RestWarmte_EIA;0
BioWKK_BioWKK_EIA;0
WijkWKK_WijkWKK_EIA;0
Leverancier_Aansluitbijdrage_WKO_Woning;0
Leverancier_Aansluitbijdrage_WKO_UitlegWoning;-632.807201
Leverancier_Aansluitbijdrage_WKO_Utiliteit;-24.3876759
Leverancier_Aansluitbijdrage_WKO_UitlegUtil;0
InpandigeDistributie_WKO;-148.997142
InpandigeDistributeur_WKO_EIA;0
WijkDistributie_WKO;-223.228677
WijkDistributeur_WKO_EIA;0
Opwekking_WKO;-428.496877
WKO_WKO_EIA;0
KL_e_Aansluitbijdrage_GeoThermie_Woning;1.30830492
KL_e_Aansluitbijdrage_RestWarmte_Woning;2.6329688
KL_e_Aansluitbijdrage_BioWKK_Woning;0.450059911
KL_e_Aansluitbijdrage_WijkWKK_Woning;0
KL_e_Aansluitbijdrage_GeoThermie_UitlegWoning;0.3398944
KL_e_Aansluitbijdrage_RestWarmte_UitlegWoning;1.55140159
KL_e_Aansluitbijdrage_BioWKK_UitlegWoning;0.13540812
KL_e_Aansluitbijdrage_WijkWKK_UitlegWoning;0
KL_e_Aansluitbijdrage_GeoThermie_Utiliteit;4.69866559
KL_e_Aansluitbijdrage_RestWarmte_Utiliteit;9.46042062
KL_e_Aansluitbijdrage_BioWKK_Utiliteit;3.12073453
KL_e_Aansluitbijdrage_WijkWKK_Utiliteit;0
KL_e_Aansluitbijdrage_GeoThermie_UitlegUtil;0.0617484157
KL_e_Aansluitbijdrage_RestWarmte_UitlegUtil;0.13688151
KL_e_Aansluitbijdrage_BioWKK_UitlegUtil;0.0521247338
KL_e_Aansluitbijdrage_WijkWKK_UitlegUtil;0
KL_e_Aansluitbijdrage_GeoThermie_Glastuinbouw;0
KL_e_Aansluitbijdrage_RestWarmte_Glastuinbouw;0
KL_e_Aansluitbijdrage_BioWKK_Glastuinbouw;0
KL_e_Aansluitbijdrage_WijkWKK_Glastuinbouw;0
KL_e_Aansluitbijdrage_GeoThermie_UitlegGlTb;0
KL_e_Aansluitbijdrage_RestWarmte_UitlegGlTb;0
KL_e_Aansluitbijdrage_BioWKK_UitlegGlTb;0
KL_e_Aansluitbijdrage_WijkWKK_UitlegGlTb;0
InpandigeDistributeur_GeoThermie;-1.76589932
InpandigeDistributeur_RestWarmte;-4.84528436
InpandigeDistributeur_BioWKK;-1.21684033
InpandigeDistributeur_WijkWKK;0
Subsidie_GeoThermie_EIA_id;0
Subsidie_RestWarmte_EIA_id;0
Subsidie_BioWKK_EIA_id;0
Subsidie_WijkWKK_EIA_id;0
WijkDistributeur_GeoThermie;31.3039625
WijkDistributeur_RestWarmte;68.23089
WijkDistributeur_BioWKK;18.3663784
WijkDistributeur_WijkWKK;0
Subsidie_GeoThermie_EIA_wd;0
Subsidie_RestWarmte_EIA_wd;0
Subsidie_BioWKK_EIA_wd;0
Subsidie_WijkWKK_EIA_wd;0
PrimairTransporteur_GeoThermie;0
PrimairTransporteur_RestWarmte;18.2517943
PrimairTransporteur_BioWKK;0
PrimairTransporteur_WijkWKK;0
Subsidie_GeoThermie_EIA_pt;0
Subsidie_RestWarmte_EIA_pt;0
Subsidie_BioWKK_EIA_pt;0
Subsidie_WijkWKK_EIA_pt;0
GeoThermie_GeoThermie;44.9034373
RestWarmte_RestWarmte;6.94544848
BioWKK_BioWKK;12.4900539
WijkWKK_WijkWKK;0
Subsidie_GeoThermie_EIA_ov;0
Subsidie_RestWarmte_EIA_ov;0
Subsidie_BioWKK_EIA_ov;0
Subsidie_WijkWKK_EIA_ov;0
KL_e_Aansluitbijdrage_WKO_Woning;0
KL_e_Aansluitbijdrage_WKO_UitlegWoning;509.121114
KL_e_Aansluitbijdrage_WKO_Utiliteit;19.6209536
KL_e_Aansluitbijdrage_WKO_UitlegUtil;0
InpandigeDistributeur_WKO;192.385925
Subsidie_WKO_EIA_id;0
WijkDistributeur_WKO;288.234089
Subsidie_WKO_EIA_wd;0
WKO_WKO;553.277511
Subsidie_WKO_EIA_ov;0
